[
    {
        "model": "location.region",
        "pk": 1,
        "fields": {
            "name": "\u0411\u0430\u0442\u043a\u0435\u043d\u0441\u043a\u0430\u044f"
        }
    },
    {
        "model": "location.region",
        "pk": 2,
        "fields": {
            "name": "\u0414\u0436\u0430\u043b\u0430\u043b-\u0410\u0431\u0430\u0434\u0441\u043a\u0430\u044f"
        }
    },
    {
        "model": "location.region",
        "pk": 3,
        "fields": {
            "name": "\u0418\u0441\u0441\u044b\u043a-\u041a\u0443\u043b\u044c\u0441\u043a\u0430\u044f"
        }
    },
    {
        "model": "location.region",
        "pk": 4,
        "fields": {
            "name": "\u041d\u0430\u0440\u044b\u043d\u0441\u043a\u0430\u044f"
        }
    },
    {
        "model": "location.region",
        "pk": 5,
        "fields": {
            "name": "\u041e\u0448\u0441\u043a\u0430\u044f"
        }
    },
    {
        "model": "location.region",
        "pk": 6,
        "fields": {
            "name": "\u0422\u0430\u043b\u0430\u0441\u0441\u043a\u0430\u044f"
        }
    },
    {
        "model": "location.region",
        "pk": 7,
        "fields": {
            "name": "\u0427\u0443\u0439\u0441\u043a\u0430\u044f"
        }
    }
]
