[
    {
        "model": "location.district",
        "pk": 1,
        "fields": {
            "name": "\u041f\u0435\u0440\u0432\u043e\u043c\u0430\u0439\u0441\u043a\u0438\u0439",
            "city": 229
        }
    },
    {
        "model": "location.district",
        "pk": 2,
        "fields": {
            "name": "\u0421\u0432\u0435\u0440\u0434\u043b\u043e\u0432\u0441\u043a\u0438\u0439",
            "city": 229
        }
    },
    {
        "model": "location.district",
        "pk": 3,
        "fields": {
            "name": "\u041e\u043a\u0442\u044f\u0431\u0440\u044c\u0441\u043a\u0438\u0439",
            "city": 229
        }
    },
    {
        "model": "location.district",
        "pk": 4,
        "fields": {
            "name": "\u041b\u0435\u043d\u0438\u043d\u0441\u043a\u0438\u0439",
            "city": 229
        }
    }
]
