[
    {
        "model": "location.city",
        "pk": 1,
        "fields": {
            "name": "\u0410\u043a-\u0422\u0430\u0442\u044b\u0440",
            "region": 1
        }
    },
    {
        "model": "location.city",
        "pk": 2,
        "fields": {
            "name": "\u0410\u043a\u0442\u0430\u043a\u044b\u0440",
            "region": 1
        }
    },
    {
        "model": "location.city",
        "pk": 3,
        "fields": {
            "name": "\u0410\u043b\u0433\u0430",
            "region": 1
        }
    },
    {
        "model": "location.city",
        "pk": 4,
        "fields": {
            "name": "\u0410\u0440\u043a\u0430",
            "region": 1
        }
    },
    {
        "model": "location.city",
        "pk": 5,
        "fields": {
            "name": "\u0411\u0430\u0442\u043a\u0435\u043d",
            "region": 1
        }
    },
    {
        "model": "location.city",
        "pk": 6,
        "fields": {
            "name": "\u0411\u0435\u0448\u043a\u0435\u043d\u0442",
            "region": 1
        }
    },
    {
        "model": "location.city",
        "pk": 7,
        "fields": {
            "name": "\u0412\u0430\u043b\u0430\u043a\u0438\u0448",
            "region": 1
        }
    },
    {
        "model": "location.city",
        "pk": 8,
        "fields": {
            "name": "\u0412\u043e\u0441\u0442\u043e\u0447\u043d\u044b\u0439",
            "region": 1
        }
    },
    {
        "model": "location.city",
        "pk": 9,
        "fields": {
            "name": "\u0413\u0430\u0437",
            "region": 1
        }
    },
    {
        "model": "location.city",
        "pk": 10,
        "fields": {
            "name": "\u0414\u043e\u0441\u0442\u0443\u043a",
            "region": 1
        }
    },
    {
        "model": "location.city",
        "pk": 11,
        "fields": {
            "name": "\u0416\u0430\u043d\u044b-\u0416\u0435\u0440",
            "region": 1
        }
    },
    {
        "model": "location.city",
        "pk": 12,
        "fields": {
            "name": "\u0418\u0441\u0444\u0430\u043d\u0430",
            "region": 1
        }
    },
    {
        "model": "location.city",
        "pk": 13,
        "fields": {
            "name": "\u041a\u0430\u0440\u0430-\u0411\u0430\u043a",
            "region": 1
        }
    },
    {
        "model": "location.city",
        "pk": 14,
        "fields": {
            "name": "\u041a\u0430\u0440\u0430-\u0414\u0436\u0438\u0433\u0430\u0447",
            "region": 1
        }
    },
    {
        "model": "location.city",
        "pk": 15,
        "fields": {
            "name": "\u041a\u0430\u0440\u0430\u0432\u0430\u043d",
            "region": 1
        }
    },
    {
        "model": "location.city",
        "pk": 16,
        "fields": {
            "name": "\u041a\u043e\u043a-\u0422\u0430\u0448",
            "region": 1
        }
    },
    {
        "model": "location.city",
        "pk": 17,
        "fields": {
            "name": "\u041a\u044b\u0437\u044b\u043b-\u0411\u0443\u043b\u0430\u043a",
            "region": 1
        }
    },
    {
        "model": "location.city",
        "pk": 18,
        "fields": {
            "name": "\u041a\u044b\u0437\u044b\u043b-\u041a\u0438\u044f",
            "region": 1
        }
    },
    {
        "model": "location.city",
        "pk": 19,
        "fields": {
            "name": "\u041a\u044b\u0437\u044b\u043b-\u041a\u043e\u0440\u0433\u043e\u043d",
            "region": 1
        }
    },
    {
        "model": "location.city",
        "pk": 20,
        "fields": {
            "name": "\u041a\u044b\u0440\u0433\u044b\u0437-\u041a\u044b\u0448\u0442\u0430\u043a",
            "region": 1
        }
    },
    {
        "model": "location.city",
        "pk": 21,
        "fields": {
            "name": "\u041b\u0435\u0439\u043b\u0435\u043a",
            "region": 1
        }
    },
    {
        "model": "location.city",
        "pk": 22,
        "fields": {
            "name": "\u041c\u0430\u0439\u0434\u0430\u043d",
            "region": 1
        }
    },
    {
        "model": "location.city",
        "pk": 23,
        "fields": {
            "name": "\u041c\u0430\u0440\u043a\u0430\u0437",
            "region": 1
        }
    },
    {
        "model": "location.city",
        "pk": 24,
        "fields": {
            "name": "\u041c\u043e\u0441\u043a\u0432\u0430",
            "region": 1
        }
    },
    {
        "model": "location.city",
        "pk": 25,
        "fields": {
            "name": "\u041c\u0443\u0440\u043d\u0443\u0442",
            "region": 1
        }
    },
    {
        "model": "location.city",
        "pk": 26,
        "fields": {
            "name": "\u041d\u043e\u0432\u0433\u0430\u0440\u0434\u0430\u043d",
            "region": 1
        }
    },
    {
        "model": "location.city",
        "pk": 27,
        "fields": {
            "name": "\u041e\u0440\u043c\u043e\u0448",
            "region": 1
        }
    },
    {
        "model": "location.city",
        "pk": 28,
        "fields": {
            "name": "\u041e\u0440\u043e\u0437\u0431\u0435\u043a\u043e\u0432\u043e",
            "region": 1
        }
    },
    {
        "model": "location.city",
        "pk": 29,
        "fields": {
            "name": "\u041f\u0443\u043b\u044c\u0433\u043e\u043d",
            "region": 1
        }
    },
    {
        "model": "location.city",
        "pk": 30,
        "fields": {
            "name": "\u0420\u0430\u0432\u0430\u0442",
            "region": 1
        }
    },
    {
        "model": "location.city",
        "pk": 31,
        "fields": {
            "name": "\u0421\u0430\u0439",
            "region": 1
        }
    },
    {
        "model": "location.city",
        "pk": 32,
        "fields": {
            "name": "\u0421\u0430\u043c\u0430\u0440\u043a\u0430\u043d\u0434\u044b\u043a",
            "region": 1
        }
    },
    {
        "model": "location.city",
        "pk": 33,
        "fields": {
            "name": "\u0421\u043e\u0432\u0435\u0442\u0441\u043a\u0438\u0439",
            "region": 1
        }
    },
    {
        "model": "location.city",
        "pk": 34,
        "fields": {
            "name": "\u0421\u043e\u0433\u043c\u0435\u043d\u0442",
            "region": 1
        }
    },
    {
        "model": "location.city",
        "pk": 35,
        "fields": {
            "name": "\u0421\u043e\u0445",
            "region": 1
        }
    },
    {
        "model": "location.city",
        "pk": 36,
        "fields": {
            "name": "\u0421\u0443\u043b\u044e\u043a\u0442\u0443",
            "region": 1
        }
    },
    {
        "model": "location.city",
        "pk": 37,
        "fields": {
            "name": "\u0421\u044b\u0440\u0442",
            "region": 1
        }
    },
    {
        "model": "location.city",
        "pk": 38,
        "fields": {
            "name": "\u0422\u0430\u044f\u043d",
            "region": 1
        }
    },
    {
        "model": "location.city",
        "pk": 39,
        "fields": {
            "name": "\u0422\u043e\u0433\u0443\u0437\u0431\u0443\u043b\u0430\u043a",
            "region": 1
        }
    },
    {
        "model": "location.city",
        "pk": 40,
        "fields": {
            "name": "\u0423\u0447-\u0414\u043e\u0431\u043e",
            "region": 1
        }
    },
    {
        "model": "location.city",
        "pk": 41,
        "fields": {
            "name": "\u0423\u0447-\u041a\u043e\u0440\u0433\u043e\u043d",
            "region": 1
        }
    },
    {
        "model": "location.city",
        "pk": 42,
        "fields": {
            "name": "\u0424\u0430\u043a\u0435\u043b",
            "region": 1
        }
    },
    {
        "model": "location.city",
        "pk": 43,
        "fields": {
            "name": "\u0425\u0430\u0439\u0434\u0430\u0440\u0445\u0430\u043d",
            "region": 1
        }
    },
    {
        "model": "location.city",
        "pk": 44,
        "fields": {
            "name": "\u0425\u0430\u043b\u044c\u043c\u0438\u043e\u043d",
            "region": 1
        }
    },
    {
        "model": "location.city",
        "pk": 45,
        "fields": {
            "name": "\u0427\u0435\u043a\u0435\u043b\u0438\u043a",
            "region": 1
        }
    },
    {
        "model": "location.city",
        "pk": 46,
        "fields": {
            "name": "\u0427\u0443\u043d\u043a\u0443\u0440-\u041a\u044b\u0448\u0442\u0430\u043a",
            "region": 1
        }
    },
    {
        "model": "location.city",
        "pk": 47,
        "fields": {
            "name": "\u042b\u043d\u0442\u044b\u043c\u0430\u043a",
            "region": 1
        }
    },
    {
        "model": "location.city",
        "pk": 48,
        "fields": {
            "name": "\u042d\u0448\u043c\u0435",
            "region": 1
        }
    },
    {
        "model": "location.city",
        "pk": 49,
        "fields": {
            "name": "\u0410\u0439\u0433\u044b\u0440-\u0416\u0430\u043b",
            "region": 2
        }
    },
    {
        "model": "location.city",
        "pk": 50,
        "fields": {
            "name": "\u0410\u0439\u0440\u044b-\u0422\u0430\u043c",
            "region": 2
        }
    },
    {
        "model": "location.city",
        "pk": 51,
        "fields": {
            "name": "\u0410\u043a-\u0414\u043e\u0431\u043e",
            "region": 2
        }
    },
    {
        "model": "location.city",
        "pk": 52,
        "fields": {
            "name": "\u0410\u043a-\u0422\u0430\u0448",
            "region": 2
        }
    },
    {
        "model": "location.city",
        "pk": 53,
        "fields": {
            "name": "\u0410\u043b\u0430-\u0411\u0443\u043a\u0430",
            "region": 2
        }
    },
    {
        "model": "location.city",
        "pk": 54,
        "fields": {
            "name": "\u0410\u0440\u0430\u043b",
            "region": 2
        }
    },
    {
        "model": "location.city",
        "pk": 55,
        "fields": {
            "name": "\u0410\u0440\u0430\u043b-\u0421\u0430\u0439",
            "region": 2
        }
    },
    {
        "model": "location.city",
        "pk": 56,
        "fields": {
            "name": "\u0410\u0440\u0438\u043c\u0434\u0436\u0430\u043d",
            "region": 2
        }
    },
    {
        "model": "location.city",
        "pk": 57,
        "fields": {
            "name": "\u0410\u0440\u0441\u043b\u0430\u043d\u0431\u043e\u0431",
            "region": 2
        }
    },
    {
        "model": "location.city",
        "pk": 58,
        "fields": {
            "name": "\u0411\u0430\u0437\u0430\u0440-\u041a\u043e\u0440\u0433\u043e\u043d",
            "region": 2
        }
    },
    {
        "model": "location.city",
        "pk": 59,
        "fields": {
            "name": "\u0411\u0430\u0448\u043a\u044b\u0442\u0435\u0440\u0435\u043a",
            "region": 2
        }
    },
    {
        "model": "location.city",
        "pk": 60,
        "fields": {
            "name": "\u0411\u0451\u0433\u0451\u0442",
            "region": 2
        }
    },
    {
        "model": "location.city",
        "pk": 61,
        "fields": {
            "name": "\u0411\u0435\u043a-\u0410\u0431\u0430\u0434",
            "region": 2
        }
    },
    {
        "model": "location.city",
        "pk": 62,
        "fields": {
            "name": "\u0411\u0435\u0448-\u0416\u044b\u0433\u0430\u0447",
            "region": 2
        }
    },
    {
        "model": "location.city",
        "pk": 63,
        "fields": {
            "name": "\u0411\u0435\u0448\u0438\u043a-\u0416\u043e\u043d",
            "region": 2
        }
    },
    {
        "model": "location.city",
        "pk": 64,
        "fields": {
            "name": "\u0413\u0443\u043c\u0445\u0430\u043d\u0430",
            "region": 2
        }
    },
    {
        "model": "location.city",
        "pk": 65,
        "fields": {
            "name": "\u0414\u0435\u0434\u0435\u043c\u0435\u043b\u044c",
            "region": 2
        }
    },
    {
        "model": "location.city",
        "pk": 66,
        "fields": {
            "name": "\u0414\u0436\u0430\u043d\u044b-\u0414\u0436\u043e\u043b",
            "region": 2
        }
    },
    {
        "model": "location.city",
        "pk": 67,
        "fields": {
            "name": "\u0416\u0430\u043b\u0430\u043b-\u0410\u0431\u0430\u0434",
            "region": 2
        }
    },
    {
        "model": "location.city",
        "pk": 68,
        "fields": {
            "name": "\u0416\u0430\u043d\u044b-\u0410\u0431\u0430\u0434",
            "region": 2
        }
    },
    {
        "model": "location.city",
        "pk": 69,
        "fields": {
            "name": "\u0416\u0430\u043d\u044b-\u0410\u043a\u043c\u0430\u043d",
            "region": 2
        }
    },
    {
        "model": "location.city",
        "pk": 70,
        "fields": {
            "name": "\u0416\u0430\u043d\u044b-\u0411\u0430\u0437\u0430\u0440",
            "region": 2
        }
    },
    {
        "model": "location.city",
        "pk": 71,
        "fields": {
            "name": "\u0416\u0430\u0440-\u041a\u044b\u0448\u0442\u0430\u043a",
            "region": 2
        }
    },
    {
        "model": "location.city",
        "pk": 72,
        "fields": {
            "name": "\u0416\u0435\u0442\u0438\u0433\u0435\u043d",
            "region": 2
        }
    },
    {
        "model": "location.city",
        "pk": 73,
        "fields": {
            "name": "\u0416\u0438\u0439\u0434\u0435",
            "region": 2
        }
    },
    {
        "model": "location.city",
        "pk": 74,
        "fields": {
            "name": "\u0438\u043c. \u0424\u0440\u0443\u043d\u0437\u0435",
            "region": 2
        }
    },
    {
        "model": "location.city",
        "pk": 75,
        "fields": {
            "name": "\u041a\u0430\u0433\u0430\u0437\u0434\u044b",
            "region": 2
        }
    },
    {
        "model": "location.city",
        "pk": 76,
        "fields": {
            "name": "\u041a\u0430\u043d\u0434\u044b",
            "region": 2
        }
    },
    {
        "model": "location.city",
        "pk": 77,
        "fields": {
            "name": "\u041a\u0430\u043d\u044b\u0448-\u041a\u044b\u044f",
            "region": 2
        }
    },
    {
        "model": "location.city",
        "pk": 78,
        "fields": {
            "name": "\u041a\u0430\u0440\u0430-\u0416\u044b\u0433\u0430\u0447",
            "region": 2
        }
    },
    {
        "model": "location.city",
        "pk": 79,
        "fields": {
            "name": "\u041a\u0430\u0440\u0430-\u041a\u043e\u043b",
            "region": 2
        }
    },
    {
        "model": "location.city",
        "pk": 80,
        "fields": {
            "name": "\u041a\u0430\u0440\u0430-\u0427\u043e\u043b\u043e\u043a",
            "region": 2
        }
    },
    {
        "model": "location.city",
        "pk": 81,
        "fields": {
            "name": "\u041a\u0430\u0440\u0430\u0441\u0443\u0443",
            "region": 2
        }
    },
    {
        "model": "location.city",
        "pk": 82,
        "fields": {
            "name": "\u041a\u0430\u0440\u043b\u0430 \u041c\u0430\u0440\u043a\u0441\u0430",
            "region": 2
        }
    },
    {
        "model": "location.city",
        "pk": 83,
        "fields": {
            "name": "\u041a\u0435\u0440\u0431\u0435\u043d",
            "region": 2
        }
    },
    {
        "model": "location.city",
        "pk": 84,
        "fields": {
            "name": "\u041a\u0435\u0442\u043c\u0435\u043d\u0442\u043e\u0431\u043e",
            "region": 2
        }
    },
    {
        "model": "location.city",
        "pk": 85,
        "fields": {
            "name": "\u041a\u043e\u043a-\u0410\u043b\u043c\u0430",
            "region": 2
        }
    },
    {
        "model": "location.city",
        "pk": 86,
        "fields": {
            "name": "\u041a\u043e\u043a-\u042f\u043d\u0433\u0430\u043a",
            "region": 2
        }
    },
    {
        "model": "location.city",
        "pk": 87,
        "fields": {
            "name": "\u041a\u043e\u043c\u0438\u043d\u0442\u0435\u0440\u043d",
            "region": 2
        }
    },
    {
        "model": "location.city",
        "pk": 88,
        "fields": {
            "name": "\u041a\u043e\u043c\u0441\u043e\u043c\u043e\u043b",
            "region": 2
        }
    },
    {
        "model": "location.city",
        "pk": 89,
        "fields": {
            "name": "\u041a\u043e\u0440\u0433\u043e\u043d\u0441\u0430\u0439",
            "region": 2
        }
    },
    {
        "model": "location.city",
        "pk": 90,
        "fields": {
            "name": "\u041a\u043e\u0447\u043a\u043e\u0440-\u0410\u0442\u0430",
            "region": 2
        }
    },
    {
        "model": "location.city",
        "pk": 91,
        "fields": {
            "name": "\u041a\u043e\u0448\u0431\u0443\u043b\u0430\u043a",
            "region": 2
        }
    },
    {
        "model": "location.city",
        "pk": 92,
        "fields": {
            "name": "\u041a\u0443\u043b\u0443\u043a-\u0414\u043e\u0431\u043e",
            "region": 2
        }
    },
    {
        "model": "location.city",
        "pk": 93,
        "fields": {
            "name": "\u041a\u0443\u0440\u0443\u043b\u0443\u0448",
            "region": 2
        }
    },
    {
        "model": "location.city",
        "pk": 94,
        "fields": {
            "name": "\u041a\u044b\u0437\u044b\u043b-\u0410\u0439",
            "region": 2
        }
    },
    {
        "model": "location.city",
        "pk": 95,
        "fields": {
            "name": "\u041a\u044b\u0437\u044b\u043b-\u0414\u0436\u0430\u0440",
            "region": 2
        }
    },
    {
        "model": "location.city",
        "pk": 96,
        "fields": {
            "name": "\u041a\u044b\u0437\u044b\u043b-\u041e\u0437\u0433\u043e\u0440\u044e\u0448",
            "region": 2
        }
    },
    {
        "model": "location.city",
        "pk": 97,
        "fields": {
            "name": "\u041a\u044b\u0437\u044b\u043b-\u0422\u0443\u0443",
            "region": 2
        }
    },
    {
        "model": "location.city",
        "pk": 98,
        "fields": {
            "name": "\u041c\u0430\u0439\u043b\u044b-\u0421\u0443\u0443",
            "region": 2
        }
    },
    {
        "model": "location.city",
        "pk": 99,
        "fields": {
            "name": "\u041c\u0430\u0441\u0441\u044b",
            "region": 2
        }
    },
    {
        "model": "location.city",
        "pk": 100,
        "fields": {
            "name": "\u041c\u0438\u0445\u0430\u0439\u043b\u043e\u0432\u043a\u0430",
            "region": 2
        }
    },
    {
        "model": "location.city",
        "pk": 101,
        "fields": {
            "name": "\u041d\u0430\u0440\u044b\u043d",
            "region": 2
        }
    },
    {
        "model": "location.city",
        "pk": 102,
        "fields": {
            "name": "\u041d\u0438\u0447\u043a\u0435",
            "region": 2
        }
    },
    {
        "model": "location.city",
        "pk": 103,
        "fields": {
            "name": "\u041d\u043e\u043e\u0448\u043a\u0435\u043d",
            "region": 2
        }
    },
    {
        "model": "location.city",
        "pk": 104,
        "fields": {
            "name": "\u041e\u043a\u0442\u044f\u0431\u0440\u044c\u0441\u043a\u043e\u0435",
            "region": 2
        }
    },
    {
        "model": "location.city",
        "pk": 105,
        "fields": {
            "name": "\u041f\u0430\u0440\u0430\u043a\u0430\u043d\u0434\u0430",
            "region": 2
        }
    },
    {
        "model": "location.city",
        "pk": 106,
        "fields": {
            "name": "\u041f\u0440\u0430\u0432\u0434\u0430",
            "region": 2
        }
    },
    {
        "model": "location.city",
        "pk": 107,
        "fields": {
            "name": "\u0420\u0430\u0439\u043c\u0430\u043d\u0434\u0436\u0430\u043d",
            "region": 2
        }
    },
    {
        "model": "location.city",
        "pk": 108,
        "fields": {
            "name": "\u0421\u0430\u043a\u0430\u043b\u0434\u044b",
            "region": 2
        }
    },
    {
        "model": "location.city",
        "pk": 109,
        "fields": {
            "name": "\u0421\u0430\u0440\u044b-\u041a\u0430\u0448\u043a\u0430",
            "region": 2
        }
    },
    {
        "model": "location.city",
        "pk": 110,
        "fields": {
            "name": "\u0421\u0430\u0440\u044b-\u0421\u044b\u044f",
            "region": 2
        }
    },
    {
        "model": "location.city",
        "pk": 111,
        "fields": {
            "name": "\u0421\u043e\u0432\u0435\u0442",
            "region": 2
        }
    },
    {
        "model": "location.city",
        "pk": 112,
        "fields": {
            "name": "\u0421\u0443\u0437\u0430\u043a",
            "region": 2
        }
    },
    {
        "model": "location.city",
        "pk": 113,
        "fields": {
            "name": "\u0422\u0430\u0440\u0430\u043d-\u0411\u0430\u0437\u0430\u0440",
            "region": 2
        }
    },
    {
        "model": "location.city",
        "pk": 114,
        "fields": {
            "name": "\u0422\u0430\u0448-\u041a\u0443\u043c\u044b\u0440",
            "region": 2
        }
    },
    {
        "model": "location.city",
        "pk": 115,
        "fields": {
            "name": "\u0422\u0435\u0440\u0435\u043a-\u0421\u0430\u0439",
            "region": 2
        }
    },
    {
        "model": "location.city",
        "pk": 116,
        "fields": {
            "name": "\u0422\u043e\u043a\u0442\u043e\u0433\u0443\u043b",
            "region": 2
        }
    },
    {
        "model": "location.city",
        "pk": 117,
        "fields": {
            "name": "\u0422\u043e\u043f\u0443\u043a",
            "region": 2
        }
    },
    {
        "model": "location.city",
        "pk": 118,
        "fields": {
            "name": "\u0422\u043e\u0448",
            "region": 2
        }
    },
    {
        "model": "location.city",
        "pk": 119,
        "fields": {
            "name": "\u0423\u043b\u044c\u0433\u0443\u044e",
            "region": 2
        }
    },
    {
        "model": "location.city",
        "pk": 120,
        "fields": {
            "name": "\u0423\u0447-\u0422\u0435\u0440\u0435\u043a",
            "region": 2
        }
    },
    {
        "model": "location.city",
        "pk": 121,
        "fields": {
            "name": "\u0425\u0430\u0434\u0436\u0430\u0440-\u0410\u0431\u0430\u043b",
            "region": 2
        }
    },
    {
        "model": "location.city",
        "pk": 122,
        "fields": {
            "name": "\u0427\u0430\u043a\u043c\u0430\u043a\u0441\u0443\u0443",
            "region": 2
        }
    },
    {
        "model": "location.city",
        "pk": 123,
        "fields": {
            "name": "\u0427\u0430\u043b\u0434\u044b\u0431\u0430\u0440",
            "region": 2
        }
    },
    {
        "model": "location.city",
        "pk": 124,
        "fields": {
            "name": "\u0427\u0430\u0440\u0431\u0430\u043a",
            "region": 2
        }
    },
    {
        "model": "location.city",
        "pk": 125,
        "fields": {
            "name": "\u0427\u0435\u043a",
            "region": 2
        }
    },
    {
        "model": "location.city",
        "pk": 126,
        "fields": {
            "name": "\u0427\u0435\u043a\u0435-\u0414\u0435\u0431\u0435",
            "region": 2
        }
    },
    {
        "model": "location.city",
        "pk": 127,
        "fields": {
            "name": "\u0427\u0435\u0440\u0435\u043c\u0443\u0448\u043a\u0438",
            "region": 2
        }
    },
    {
        "model": "location.city",
        "pk": 128,
        "fields": {
            "name": "\u0427\u043e\u043d-\u0411\u0430\u0433\u044b\u0448",
            "region": 2
        }
    },
    {
        "model": "location.city",
        "pk": 129,
        "fields": {
            "name": "\u0427\u044b\u0433\u044b\u0442",
            "region": 2
        }
    },
    {
        "model": "location.city",
        "pk": 130,
        "fields": {
            "name": "\u0428\u0430\u043c\u0430\u043b\u0434\u044b-\u0421\u0430\u0439",
            "region": 2
        }
    },
    {
        "model": "location.city",
        "pk": 131,
        "fields": {
            "name": "\u042b\u0440\u044b\u0441",
            "region": 2
        }
    },
    {
        "model": "location.city",
        "pk": 132,
        "fields": {
            "name": "\u0411\u0430\u043b\u0431\u0430\u0439",
            "region": 3
        }
    },
    {
        "model": "location.city",
        "pk": 133,
        "fields": {
            "name": "\u0422\u0435\u043f\u043b\u043e\u043a\u043b\u044e\u0447\u0435\u043d\u043a\u0430",
            "region": 3
        }
    },
    {
        "model": "location.city",
        "pk": 134,
        "fields": {
            "name": "\u0410\u043a-\u041c\u043e\u044e\u043d",
            "region": 4
        }
    },
    {
        "model": "location.city",
        "pk": 135,
        "fields": {
            "name": "\u0410\u043a-\u041c\u0443\u0437",
            "region": 4
        }
    },
    {
        "model": "location.city",
        "pk": 136,
        "fields": {
            "name": "\u0410\u043a-\u0422\u0430\u043b",
            "region": 4
        }
    },
    {
        "model": "location.city",
        "pk": 137,
        "fields": {
            "name": "\u0410\u043a-\u0422\u0430\u043b\u0430\u0430",
            "region": 4
        }
    },
    {
        "model": "location.city",
        "pk": 138,
        "fields": {
            "name": "\u0410\u043a\u0431\u0435\u0439\u0438\u0442",
            "region": 4
        }
    },
    {
        "model": "location.city",
        "pk": 139,
        "fields": {
            "name": "\u0410\u043a\u043a\u044b\u044f",
            "region": 4
        }
    },
    {
        "model": "location.city",
        "pk": 140,
        "fields": {
            "name": "\u0410\u043a\u0442\u0430\u0442\u044b\u0440",
            "region": 4
        }
    },
    {
        "model": "location.city",
        "pk": 141,
        "fields": {
            "name": "\u0410\u0442-\u0411\u0430\u0448\u044b",
            "region": 4
        }
    },
    {
        "model": "location.city",
        "pk": 142,
        "fields": {
            "name": "\u0410\u0447\u0430-\u041a\u0430\u0438\u043d\u0434\u044b",
            "region": 4
        }
    },
    {
        "model": "location.city",
        "pk": 143,
        "fields": {
            "name": "\u0411\u0430\u0435\u0442\u043e\u0432\u043e",
            "region": 4
        }
    },
    {
        "model": "location.city",
        "pk": 144,
        "fields": {
            "name": "\u0411\u0430\u0439\u0433\u0435\u043d\u0447\u0435\u043a",
            "region": 4
        }
    },
    {
        "model": "location.city",
        "pk": 145,
        "fields": {
            "name": "\u0411\u0430\u0448\u043a\u0443\u0443\u0433\u0430\u043d\u0434\u044b",
            "region": 4
        }
    },
    {
        "model": "location.city",
        "pk": 146,
        "fields": {
            "name": "\u0411\u0438\u0440\u0434\u0438\u043a",
            "region": 4
        }
    },
    {
        "model": "location.city",
        "pk": 147,
        "fields": {
            "name": "\u0412\u043e\u0441\u044c\u043c\u043e\u0435 \u043c\u0430\u0440\u0442\u0430",
            "region": 4
        }
    },
    {
        "model": "location.city",
        "pk": 148,
        "fields": {
            "name": "\u0414\u0435\u0431\u0435\u043b\u044e\u0443",
            "region": 4
        }
    },
    {
        "model": "location.city",
        "pk": 149,
        "fields": {
            "name": "\u0416\u0430\u043d\u044b\u0430\u0440\u044b\u043a",
            "region": 4
        }
    },
    {
        "model": "location.city",
        "pk": 150,
        "fields": {
            "name": "\u0416\u0430\u043d\u044b\u0436\u0430\u043b",
            "region": 4
        }
    },
    {
        "model": "location.city",
        "pk": 151,
        "fields": {
            "name": "\u0416\u0430\u043d\u044b\u043a\u044e\u0447",
            "region": 4
        }
    },
    {
        "model": "location.city",
        "pk": 152,
        "fields": {
            "name": "\u0416\u0430\u043d\u044b\u0442\u0430\u043b\u0430\u043f",
            "region": 4
        }
    },
    {
        "model": "location.city",
        "pk": 153,
        "fields": {
            "name": "\u0416\u0435\u0440\u0433\u0435\u0442\u0430\u043b",
            "region": 4
        }
    },
    {
        "model": "location.city",
        "pk": 154,
        "fields": {
            "name": "\u0416\u0443\u043c\u0433\u0430\u043b",
            "region": 4
        }
    },
    {
        "model": "location.city",
        "pk": 155,
        "fields": {
            "name": "\u0418\u0439\u0440\u0438\u0441\u0443\u0443",
            "region": 4
        }
    },
    {
        "model": "location.city",
        "pk": 156,
        "fields": {
            "name": "\u041a\u0430\u0437\u044b\u0431\u0435\u043a",
            "region": 4
        }
    },
    {
        "model": "location.city",
        "pk": 157,
        "fields": {
            "name": "\u041a\u0430\u0440\u0430-\u0421\u0443\u0443",
            "region": 4
        }
    },
    {
        "model": "location.city",
        "pk": 158,
        "fields": {
            "name": "\u041a\u0430\u0440\u0430\u0431\u0443\u043b\u0443\u043d",
            "region": 4
        }
    },
    {
        "model": "location.city",
        "pk": 159,
        "fields": {
            "name": "\u041a\u0430\u0440\u0430\u043a\u044e\u043d\u0433\u0435\u0439",
            "region": 4
        }
    },
    {
        "model": "location.city",
        "pk": 160,
        "fields": {
            "name": "\u041a\u0430\u0440\u0430\u043e\u0439",
            "region": 4
        }
    },
    {
        "model": "location.city",
        "pk": 161,
        "fields": {
            "name": "\u041a\u0430\u0440\u0443\u043d\u043a\u0443\u0440",
            "region": 4
        }
    },
    {
        "model": "location.city",
        "pk": 162,
        "fields": {
            "name": "\u041a\u043e\u043a\u0430\u0439\u0433\u044b\u0440\u044c",
            "region": 4
        }
    },
    {
        "model": "location.city",
        "pk": 163,
        "fields": {
            "name": "\u041a\u043e\u0447\u043a\u043e\u0440\u043a\u0430",
            "region": 4
        }
    },
    {
        "model": "location.city",
        "pk": 164,
        "fields": {
            "name": "\u041a\u043e\u0448\u0434\u0435\u0431\u0435",
            "region": 4
        }
    },
    {
        "model": "location.city",
        "pk": 165,
        "fields": {
            "name": "\u041a\u0443\u0439\u0431\u044b\u0448\u0435\u0432",
            "region": 4
        }
    },
    {
        "model": "location.city",
        "pk": 166,
        "fields": {
            "name": "\u041a\u0443\u043b\u0430\u043d\u0430\u043a",
            "region": 4
        }
    },
    {
        "model": "location.city",
        "pk": 167,
        "fields": {
            "name": "\u041a\u0443\u043c\u0434\u0435\u0431\u0435",
            "region": 4
        }
    },
    {
        "model": "location.city",
        "pk": 168,
        "fields": {
            "name": "\u041a\u044b\u0437\u044b\u043b\u0434\u0435\u0431\u0435",
            "region": 4
        }
    },
    {
        "model": "location.city",
        "pk": 169,
        "fields": {
            "name": "\u041a\u044b\u0437\u044b\u043b\u043a\u043e\u0440\u0433\u043e\u043d",
            "region": 4
        }
    },
    {
        "model": "location.city",
        "pk": 170,
        "fields": {
            "name": "\u041a\u044b\u0437\u044b\u043b\u0442\u0443\u0443",
            "region": 4
        }
    },
    {
        "model": "location.city",
        "pk": 171,
        "fields": {
            "name": "\u041b\u0430\u043a\u043e\u043b",
            "region": 4
        }
    },
    {
        "model": "location.city",
        "pk": 172,
        "fields": {
            "name": "\u041c\u0430\u043d\u0442\u044b\u0448",
            "region": 4
        }
    },
    {
        "model": "location.city",
        "pk": 173,
        "fields": {
            "name": "\u041c\u0438\u043d\u043a\u0443\u0448",
            "region": 4
        }
    },
    {
        "model": "location.city",
        "pk": 174,
        "fields": {
            "name": "\u041e\u0437\u0433\u0435\u0440\u044e\u0448",
            "region": 4
        }
    },
    {
        "model": "location.city",
        "pk": 175,
        "fields": {
            "name": "\u041e\u0440\u0443\u043a\u0442\u0430\u043c",
            "region": 4
        }
    },
    {
        "model": "location.city",
        "pk": 176,
        "fields": {
            "name": "\u041e\u0442\u0442\u0443\u043a",
            "region": 4
        }
    },
    {
        "model": "location.city",
        "pk": 177,
        "fields": {
            "name": "\u0421\u0430\u0440\u044b\u0431\u0443\u043b\u0430\u043a",
            "region": 4
        }
    },
    {
        "model": "location.city",
        "pk": 178,
        "fields": {
            "name": "\u0421\u0430\u0440\u044b\u0431\u0443\u043b\u0443\u043d",
            "region": 4
        }
    },
    {
        "model": "location.city",
        "pk": 179,
        "fields": {
            "name": "\u0422\u0430\u043b\u0434\u044b-\u0421\u0443\u0443",
            "region": 4
        }
    },
    {
        "model": "location.city",
        "pk": 180,
        "fields": {
            "name": "\u0422\u0430\u0448-\u0411\u0430\u0448\u0430\u0442",
            "region": 4
        }
    },
    {
        "model": "location.city",
        "pk": 181,
        "fields": {
            "name": "\u0422\u0435\u0440\u0435\u043a",
            "region": 4
        }
    },
    {
        "model": "location.city",
        "pk": 182,
        "fields": {
            "name": "\u0422\u0435\u0440\u0435\u043a\u0441\u0443\u0443",
            "region": 4
        }
    },
    {
        "model": "location.city",
        "pk": 183,
        "fields": {
            "name": "\u0422\u044e\u043b\u0435\u043a",
            "region": 4
        }
    },
    {
        "model": "location.city",
        "pk": 184,
        "fields": {
            "name": "\u0423\u0447\u043a\u0443\u043d",
            "region": 4
        }
    },
    {
        "model": "location.city",
        "pk": 185,
        "fields": {
            "name": "\u0427\u0430\u0435\u043a",
            "region": 4
        }
    },
    {
        "model": "location.city",
        "pk": 186,
        "fields": {
            "name": "\u0427\u043e\u043b\u043f\u043e\u043d",
            "region": 4
        }
    },
    {
        "model": "location.city",
        "pk": 187,
        "fields": {
            "name": "\u0428\u043e\u0440\u043e",
            "region": 4
        }
    },
    {
        "model": "location.city",
        "pk": 188,
        "fields": {
            "name": "\u042d\u043a\u0438\u043d\u0430\u0440\u044b\u043d",
            "region": 4
        }
    },
    {
        "model": "location.city",
        "pk": 189,
        "fields": {
            "name": "\u042d\u043c\u0433\u0435\u043a-\u0422\u0430\u043b\u0430\u0430",
            "region": 4
        }
    },
    {
        "model": "location.city",
        "pk": 190,
        "fields": {
            "name": "\u042d\u043c\u0433\u0435\u043a\u0447\u0438\u043b",
            "region": 4
        }
    },
    {
        "model": "location.city",
        "pk": 191,
        "fields": {
            "name": "\u042d\u043d\u043a\u0438\u043d",
            "region": 4
        }
    },
    {
        "model": "location.city",
        "pk": 192,
        "fields": {
            "name": "\u042d\u0447\u043a\u0438-\u0411\u0430\u0448\u044b",
            "region": 4
        }
    },
    {
        "model": "location.city",
        "pk": 193,
        "fields": {
            "name": "\u0410\u0439-\u0422\u0430\u043c\u0433\u0430",
            "region": 5
        }
    },
    {
        "model": "location.city",
        "pk": 194,
        "fields": {
            "name": "\u0410\u0439\u0431\u0435\u043a",
            "region": 5
        }
    },
    {
        "model": "location.city",
        "pk": 195,
        "fields": {
            "name": "\u0410\u043a-\u0411\u043e\u0441\u043e\u0433\u043e",
            "region": 5
        }
    },
    {
        "model": "location.city",
        "pk": 196,
        "fields": {
            "name": "\u0410\u043a-\u0411\u0443\u043b\u0430\u043a",
            "region": 5
        }
    },
    {
        "model": "location.city",
        "pk": 197,
        "fields": {
            "name": "\u0410\u043a-\u0414\u0436\u044b\u043b\u0433\u0430",
            "region": 5
        }
    },
    {
        "model": "location.city",
        "pk": 198,
        "fields": {
            "name": "\u0410\u043a-\u0416\u0430\u0440",
            "region": 5
        }
    },
    {
        "model": "location.city",
        "pk": 199,
        "fields": {
            "name": "\u0410\u043a-\u041a\u0438\u044f",
            "region": 5
        }
    },
    {
        "model": "location.city",
        "pk": 200,
        "fields": {
            "name": "\u0410\u043a\u0442\u0435\u0440\u0435\u043a",
            "region": 5
        }
    },
    {
        "model": "location.city",
        "pk": 201,
        "fields": {
            "name": "\u0410\u043b\u0430\u0439",
            "region": 5
        }
    },
    {
        "model": "location.city",
        "pk": 202,
        "fields": {
            "name": "\u0410\u043b\u0433\u0430-\u0411\u0430\u0441",
            "region": 5
        }
    },
    {
        "model": "location.city",
        "pk": 203,
        "fields": {
            "name": "\u0410\u043b\u043c\u0430\u043b\u044b",
            "region": 5
        }
    },
    {
        "model": "location.city",
        "pk": 204,
        "fields": {
            "name": "\u0410\u043b\u0442\u044b\u043d-\u041c\u0430\u0437\u0430\u0440",
            "region": 5
        }
    },
    {
        "model": "location.city",
        "pk": 205,
        "fields": {
            "name": "\u0410\u0440\u0430\u0432\u0430\u043d",
            "region": 5
        }
    },
    {
        "model": "location.city",
        "pk": 206,
        "fields": {
            "name": "\u0410\u0440\u0430\u043f",
            "region": 5
        }
    },
    {
        "model": "location.city",
        "pk": 207,
        "fields": {
            "name": "\u0410\u0440\u0431\u044b\u043d",
            "region": 5
        }
    },
    {
        "model": "location.city",
        "pk": 208,
        "fields": {
            "name": "\u0410\u0440\u0437\u044b\u043a\u0443\u043b\u043e",
            "region": 5
        }
    },
    {
        "model": "location.city",
        "pk": 209,
        "fields": {
            "name": "\u0410\u0440\u043f\u0430\u0442\u0435\u043a\u0442\u0438\u0440",
            "region": 5
        }
    },
    {
        "model": "location.city",
        "pk": 210,
        "fields": {
            "name": "\u0410\u0440\u0447\u0430-\u0411\u0443\u043b\u0430\u043a",
            "region": 5
        }
    },
    {
        "model": "location.city",
        "pk": 211,
        "fields": {
            "name": "\u0410\u0441\u043a\u0430\u043b\u044b",
            "region": 5
        }
    },
    {
        "model": "location.city",
        "pk": 212,
        "fields": {
            "name": "\u0410\u0447\u044b\u043a-\u0421\u0443\u0443",
            "region": 5
        }
    },
    {
        "model": "location.city",
        "pk": 213,
        "fields": {
            "name": "\u0410\u044e\u0443-\u0422\u0430\u043f\u0430\u043d",
            "region": 5
        }
    },
    {
        "model": "location.city",
        "pk": 214,
        "fields": {
            "name": "\u0411\u0435\u043a-\u0414\u0436\u0430\u0440",
            "region": 5
        }
    },
    {
        "model": "location.city",
        "pk": 215,
        "fields": {
            "name": "\u0411\u0435\u043b\u044c",
            "region": 5
        }
    },
    {
        "model": "location.city",
        "pk": 216,
        "fields": {
            "name": "\u0411\u043e\u0437",
            "region": 5
        }
    },
    {
        "model": "location.city",
        "pk": 217,
        "fields": {
            "name": "\u0411\u043e\u0437-\u041a\u0430\u0440\u0430\u0433\u0430\u043d",
            "region": 5
        }
    },
    {
        "model": "location.city",
        "pk": 218,
        "fields": {
            "name": "\u0411\u043e\u0439\u0431\u0443\u043b\u0430\u043a",
            "region": 5
        }
    },
    {
        "model": "location.city",
        "pk": 219,
        "fields": {
            "name": "\u0411\u043e\u0440\u0431\u0430\u0448",
            "region": 5
        }
    },
    {
        "model": "location.city",
        "pk": 220,
        "fields": {
            "name": "\u0411\u043e\u0440\u043a\u043e",
            "region": 5
        }
    },
    {
        "model": "location.city",
        "pk": 221,
        "fields": {
            "name": "\u0411\u043e\u0440\u0442\u0443\u043c\u0448\u0443\u043a",
            "region": 5
        }
    },
    {
        "model": "location.city",
        "pk": 222,
        "fields": {
            "name": "\u0411\u0443\u0434\u0430\u043b\u044b\u043a",
            "region": 5
        }
    },
    {
        "model": "location.city",
        "pk": 223,
        "fields": {
            "name": "\u0411\u0443\u0439\u0433\u0430",
            "region": 5
        }
    },
    {
        "model": "location.city",
        "pk": 224,
        "fields": {
            "name": "\u0411\u0443\u0440\u0433\u0430\u043d\u0441\u0443\u0443",
            "region": 5
        }
    },
    {
        "model": "location.city",
        "pk": 225,
        "fields": {
            "name": "\u0413\u0435\u0437\u0430\u0440\u0442",
            "region": 5
        }
    },
    {
        "model": "location.city",
        "pk": 226,
        "fields": {
            "name": "\u0413\u0443\u043b\u044c\u0431\u0430\u0445\u043e\u0440",
            "region": 5
        }
    },
    {
        "model": "location.city",
        "pk": 227,
        "fields": {
            "name": "\u0413\u0443\u043b\u044c\u0447\u0430",
            "region": 5
        }
    },
    {
        "model": "location.city",
        "pk": 228,
        "fields": {
            "name": "\u0414\u0435\u0440\u043e\u043e\u0442\u043a\u043e\u0440\u0433\u043e\u043d",
            "region": 5
        }
    },
    {
        "model": "location.city",
        "pk": 229,
        "fields": {
            "name": "\u0411\u0438\u0448\u043a\u0435\u043a",
            "region": 7
        }
    },
    {
        "model": "location.city",
        "pk": 230,
        "fields": {
            "name": "\u0411\u0430\u0442\u043a\u0435\u043d",
            "region": 1
        }
    },
    {
        "model": "location.city",
        "pk": 231,
        "fields": {
            "name": "\u0414\u0436\u0430\u043b\u0430\u043b-\u0410\u0431\u0430\u0434",
            "region": 2
        }
    },
    {
        "model": "location.city",
        "pk": 232,
        "fields": {
            "name": "\u041a\u0430\u043d\u0442",
            "region": 7
        }
    },
    {
        "model": "location.city",
        "pk": 233,
        "fields": {
            "name": "\u041a\u0430\u0440\u0430\u043a\u043e\u043b",
            "region": 3
        }
    },
    {
        "model": "location.city",
        "pk": 234,
        "fields": {
            "name": "\u041d\u0430\u0440\u044b\u043d",
            "region": 4
        }
    },
    {
        "model": "location.city",
        "pk": 235,
        "fields": {
            "name": "\u041e\u0448",
            "region": 5
        }
    },
    {
        "model": "location.city",
        "pk": 236,
        "fields": {
            "name": "\u0422\u0430\u043b\u0430\u0441",
            "region": 6
        }
    },
    {
        "model": "location.city",
        "pk": 237,
        "fields": {
            "name": "\u0422\u043e\u043a\u043c\u043e\u043a",
            "region": 7
        }
    },
    {
        "model": "location.city",
        "pk": 238,
        "fields": {
            "name": "\u0423\u0437\u0433\u0435\u043d",
            "region": 5
        }
    },
    {
        "model": "location.city",
        "pk": 239,
        "fields": {
            "name": "\u0414\u0436\u0435\u0440\u0433\u0435\u0442\u0430\u043b",
            "region": 5
        }
    },
    {
        "model": "location.city",
        "pk": 240,
        "fields": {
            "name": "\u0414\u043e\u043d\u0443\u0437-\u0414\u0430\u0432\u0430\u043d",
            "region": 5
        }
    },
    {
        "model": "location.city",
        "pk": 241,
        "fields": {
            "name": "\u0416\u0430\u043c\u0430\u043d-\u0416\u0430\u0440",
            "region": 5
        }
    },
    {
        "model": "location.city",
        "pk": 242,
        "fields": {
            "name": "\u0416\u0430\u043d\u044b-\u0422\u0430\u043b\u0430\u0430",
            "region": 5
        }
    },
    {
        "model": "location.city",
        "pk": 243,
        "fields": {
            "name": "\u0416\u0430\u043d\u044b\u043d\u043e\u043e\u043a\u0430\u0442",
            "region": 5
        }
    },
    {
        "model": "location.city",
        "pk": 244,
        "fields": {
            "name": "\u0416\u0430\u043d\u044b\u0442\u0443\u0440\u043c\u0443\u0448",
            "region": 5
        }
    },
    {
        "model": "location.city",
        "pk": 245,
        "fields": {
            "name": "\u0416\u0430\u043f\u0430\u043b\u0430\u043a",
            "region": 5
        }
    },
    {
        "model": "location.city",
        "pk": 246,
        "fields": {
            "name": "\u0416\u0430\u0440-\u041a\u043e\u0440\u0433\u043e\u043d",
            "region": 5
        }
    },
    {
        "model": "location.city",
        "pk": 247,
        "fields": {
            "name": "\u0416\u043e\u043a\u0435\u043d\u0434\u0438",
            "region": 5
        }
    },
    {
        "model": "location.city",
        "pk": 248,
        "fields": {
            "name": "\u0416\u043e\u0448\u043e\u043b\u0443",
            "region": 5
        }
    },
    {
        "model": "location.city",
        "pk": 249,
        "fields": {
            "name": "\u0418\u0439\u0440\u0435\u043a",
            "region": 5
        }
    },
    {
        "model": "location.city",
        "pk": 250,
        "fields": {
            "name": "\u0418\u043a\u0438\u0437\u044f\u043a",
            "region": 5
        }
    },
    {
        "model": "location.city",
        "pk": 251,
        "fields": {
            "name": "\u0418\u043d\u0442\u0435\u0440\u043d\u0430\u0446\u0438\u043e\u043d\u0430\u043b",
            "region": 5
        }
    },
    {
        "model": "location.city",
        "pk": 252,
        "fields": {
            "name": "\u0418\u0441\u0430\u043d\u043e\u0432\u043e",
            "region": 5
        }
    },
    {
        "model": "location.city",
        "pk": 253,
        "fields": {
            "name": "\u0418\u0448\u043a\u0435\u0440\u0442\u0430\u043c",
            "region": 5
        }
    },
    {
        "model": "location.city",
        "pk": 254,
        "fields": {
            "name": "\u041a\u0430\u0431\u043b\u0430\u043d\u043a\u0443\u043b\u044c",
            "region": 5
        }
    },
    {
        "model": "location.city",
        "pk": 255,
        "fields": {
            "name": "\u041a\u0430\u043a\u044b\u0440",
            "region": 5
        }
    },
    {
        "model": "location.city",
        "pk": 256,
        "fields": {
            "name": "\u041a\u0430\u043b\u0434\u0430\u0439",
            "region": 5
        }
    },
    {
        "model": "location.city",
        "pk": 257,
        "fields": {
            "name": "\u041a\u0430\u0440\u0430-\u0411\u0430\u0442\u043a\u0430\u043a",
            "region": 5
        }
    },
    {
        "model": "location.city",
        "pk": 258,
        "fields": {
            "name": "\u041a\u0430\u0440\u0430-\u0411\u0443\u043b\u0430\u043a",
            "region": 5
        }
    },
    {
        "model": "location.city",
        "pk": 259,
        "fields": {
            "name": "\u041a\u0430\u0440\u0430-\u041a\u0443\u043b\u044c\u0434\u0436\u0430",
            "region": 5
        }
    },
    {
        "model": "location.city",
        "pk": 260,
        "fields": {
            "name": "\u041a\u0430\u0440\u0430-\u0428\u043e\u0440\u043e",
            "region": 5
        }
    },
    {
        "model": "location.city",
        "pk": 261,
        "fields": {
            "name": "\u041a\u0430\u0440\u0430\u0433\u0443\u0440",
            "region": 5
        }
    },
    {
        "model": "location.city",
        "pk": 262,
        "fields": {
            "name": "\u041a\u0430\u0440\u0430\u043a\u0430\u0431\u0430\u043a",
            "region": 5
        }
    },
    {
        "model": "location.city",
        "pk": 263,
        "fields": {
            "name": "\u041a\u0430\u0440\u0430\u043a\u0435",
            "region": 5
        }
    },
    {
        "model": "location.city",
        "pk": 264,
        "fields": {
            "name": "\u041a\u0430\u0440\u0430\u043a\u043e\u0447\u043a\u043e\u0440",
            "region": 5
        }
    },
    {
        "model": "location.city",
        "pk": 265,
        "fields": {
            "name": "\u041a\u0430\u0440\u0430\u043c\u044b\u043a",
            "region": 5
        }
    },
    {
        "model": "location.city",
        "pk": 266,
        "fields": {
            "name": "\u041a\u0430\u0440\u0430\u0442\u0430\u0448",
            "region": 5
        }
    },
    {
        "model": "location.city",
        "pk": 267,
        "fields": {
            "name": "\u041a\u0430\u0440\u0431\u0430\u0448\u0438",
            "region": 5
        }
    },
    {
        "model": "location.city",
        "pk": 268,
        "fields": {
            "name": "\u041a\u0430\u0440\u0447\u0430\u0431\u0435\u043a",
            "region": 5
        }
    },
    {
        "model": "location.city",
        "pk": 269,
        "fields": {
            "name": "\u041a\u0430\u0442\u0442\u0430\u0442\u0430\u043b\u0434\u044b\u043a",
            "region": 5
        }
    },
    {
        "model": "location.city",
        "pk": 270,
        "fields": {
            "name": "\u041a\u0430\u0448\u0433\u0430\u0440-\u041a\u044b\u0448\u0442\u0430\u043a",
            "region": 5
        }
    },
    {
        "model": "location.city",
        "pk": 271,
        "fields": {
            "name": "\u041a\u0430\u0448\u043a\u0430-\u0414\u0436\u043e\u043b",
            "region": 5
        }
    },
    {
        "model": "location.city",
        "pk": 272,
        "fields": {
            "name": "\u041a\u0430\u0448\u043a\u0430\u0441\u0443\u0443",
            "region": 5
        }
    },
    {
        "model": "location.city",
        "pk": 273,
        "fields": {
            "name": "\u041a\u0435\u043a-\u0411\u0435\u043b\u044c",
            "region": 5
        }
    },
    {
        "model": "location.city",
        "pk": 274,
        "fields": {
            "name": "\u041a\u0435\u043a-\u0427\u0443\u043a\u0443\u0440",
            "region": 5
        }
    },
    {
        "model": "location.city",
        "pk": 275,
        "fields": {
            "name": "\u041a\u0435\u043a\u0430\u0440\u0442",
            "region": 5
        }
    },
    {
        "model": "location.city",
        "pk": 276,
        "fields": {
            "name": "\u041a\u0435\u043d-\u0421\u0443\u0443",
            "region": 5
        }
    },
    {
        "model": "location.city",
        "pk": 277,
        "fields": {
            "name": "\u041a\u0435\u043d\u0435\u0448",
            "region": 5
        }
    },
    {
        "model": "location.city",
        "pk": 278,
        "fields": {
            "name": "\u041a\u0435\u0440\u043a\u0438\u0434\u0430\u043d",
            "region": 5
        }
    },
    {
        "model": "location.city",
        "pk": 279,
        "fields": {
            "name": "\u041a\u0435\u0440\u043c\u0435-\u0422\u043e\u043e",
            "region": 5
        }
    },
    {
        "model": "location.city",
        "pk": 280,
        "fields": {
            "name": "\u041a\u0438\u0447\u0438\u043a-\u0410\u043b\u0430\u0439",
            "region": 5
        }
    },
    {
        "model": "location.city",
        "pk": 281,
        "fields": {
            "name": "\u041a\u0438\u0447\u0438\u043a\u0430\u0440\u0430\u043a\u043e\u043b",
            "region": 5
        }
    },
    {
        "model": "location.city",
        "pk": 282,
        "fields": {
            "name": "\u041a\u043e\u0434\u0436\u043e-\u041a\u0435\u043b\u0435\u043d",
            "region": 5
        }
    },
    {
        "model": "location.city",
        "pk": 283,
        "fields": {
            "name": "\u041a\u043e\u043a-\u0416\u0430\u0440",
            "region": 5
        }
    },
    {
        "model": "location.city",
        "pk": 284,
        "fields": {
            "name": "\u041a\u043e\u043d\u0443\u0440-\u0414\u043e\u0431\u043e",
            "region": 5
        }
    },
    {
        "model": "location.city",
        "pk": 285,
        "fields": {
            "name": "\u041a\u043e\u0440\u0433\u043e\u043d",
            "region": 5
        }
    },
    {
        "model": "location.city",
        "pk": 286,
        "fields": {
            "name": "\u041a\u043e\u0442\u043e\u0440\u043c\u043e",
            "region": 5
        }
    },
    {
        "model": "location.city",
        "pk": 287,
        "fields": {
            "name": "\u041a\u043e\u0447\u0443\u0431\u0430\u0435\u0432\u043e",
            "region": 5
        }
    },
    {
        "model": "location.city",
        "pk": 288,
        "fields": {
            "name": "\u041a\u043e\u0448\u0443\u043b\u0443\u0448",
            "region": 5
        }
    },
    {
        "model": "location.city",
        "pk": 289,
        "fields": {
            "name": "\u041a\u043e\u0448\u044d\u0442\u0435\u0440",
            "region": 5
        }
    },
    {
        "model": "location.city",
        "pk": 290,
        "fields": {
            "name": "\u041a\u0440\u0430\u0441\u043d\u044b\u0439 \u041c\u0430\u044f\u043a",
            "region": 5
        }
    },
    {
        "model": "location.city",
        "pk": 291,
        "fields": {
            "name": "\u041a\u0443\u043d\u0433\u0435\u0439-\u041a\u043e\u0436\u043e\u043a\u0435",
            "region": 5
        }
    },
    {
        "model": "location.city",
        "pk": 292,
        "fields": {
            "name": "\u041a\u0443\u043d\u044d\u043b\u0435\u043a",
            "region": 5
        }
    },
    {
        "model": "location.city",
        "pk": 293,
        "fields": {
            "name": "\u041a\u0443\u0440\u0430\u043d\u043a\u043e\u043b",
            "region": 5
        }
    },
    {
        "model": "location.city",
        "pk": 294,
        "fields": {
            "name": "\u041a\u0443\u0443-\u041c\u0430\u0439\u0434\u0430\u043d",
            "region": 5
        }
    },
    {
        "model": "location.city",
        "pk": 295,
        "fields": {
            "name": "\u041a\u044b\u0437\u044b\u0434\u0441\u0443\u0443",
            "region": 5
        }
    },
    {
        "model": "location.city",
        "pk": 296,
        "fields": {
            "name": "\u041a\u044b\u0437\u044b\u043b-\u0422\u043e\u043e",
            "region": 5
        }
    },
    {
        "model": "location.city",
        "pk": 297,
        "fields": {
            "name": "\u041a\u044b\u0437\u044b\u043b-\u0427\u0430\u0440\u0431\u0430",
            "region": 5
        }
    },
    {
        "model": "location.city",
        "pk": 298,
        "fields": {
            "name": "\u041a\u044b\u0437\u044b\u043b\u0435\u0448\u043c\u0435",
            "region": 5
        }
    },
    {
        "model": "location.city",
        "pk": 299,
        "fields": {
            "name": "\u041a\u044b\u0437\u044b\u043b\u0436\u0430\u0440",
            "region": 5
        }
    },
    {
        "model": "location.city",
        "pk": 300,
        "fields": {
            "name": "\u041a\u044b\u0440\u0433\u044b\u0437-\u0410\u0442\u0430",
            "region": 5
        }
    },
    {
        "model": "location.city",
        "pk": 301,
        "fields": {
            "name": "\u041a\u044e\u043d\u0434\u0435\u043b\u044e\u043a",
            "region": 5
        }
    },
    {
        "model": "location.city",
        "pk": 302,
        "fields": {
            "name": "\u041b\u0430\u043d\u0433\u0430\u0440",
            "region": 5
        }
    },
    {
        "model": "location.city",
        "pk": 303,
        "fields": {
            "name": "\u041b\u0435\u043d\u0438\u043d\u0441\u043a\u043e\u0435",
            "region": 5
        }
    },
    {
        "model": "location.city",
        "pk": 304,
        "fields": {
            "name": "\u041b\u0435\u0441\u0445\u043e\u0437",
            "region": 5
        }
    },
    {
        "model": "location.city",
        "pk": 305,
        "fields": {
            "name": "\u041c\u0430\u0439\u0434\u0430\u043d-\u0422\u0430\u043b",
            "region": 5
        }
    },
    {
        "model": "location.city",
        "pk": 306,
        "fields": {
            "name": "\u041c\u0438\u043d-\u0422\u0435\u043a\u0435",
            "region": 5
        }
    },
    {
        "model": "location.city",
        "pk": 307,
        "fields": {
            "name": "\u041c\u0438\u0447\u043a\u0435\u0441\u0430\u0439",
            "region": 5
        }
    },
    {
        "model": "location.city",
        "pk": 308,
        "fields": {
            "name": "\u041c\u0443\u0440\u0434\u0430\u0448",
            "region": 5
        }
    },
    {
        "model": "location.city",
        "pk": 309,
        "fields": {
            "name": "\u041c\u044b\u0440\u0437\u0430-\u0410\u043a\u0435",
            "region": 5
        }
    },
    {
        "model": "location.city",
        "pk": 310,
        "fields": {
            "name": "\u041d\u0430\u0439\u043c\u0430\u043d",
            "region": 5
        }
    },
    {
        "model": "location.city",
        "pk": 311,
        "fields": {
            "name": "\u041d\u0443\u0440\u0430",
            "region": 5
        }
    },
    {
        "model": "location.city",
        "pk": 312,
        "fields": {
            "name": "\u041e\u0437\u0433\u043e\u0440\u0443\u0448",
            "region": 5
        }
    },
    {
        "model": "location.city",
        "pk": 313,
        "fields": {
            "name": "\u041e\u0437\u0433\u0443\u0440",
            "region": 5
        }
    },
    {
        "model": "location.city",
        "pk": 314,
        "fields": {
            "name": "\u041e\u0439\u0442\u0430\u043b",
            "region": 5
        }
    },
    {
        "model": "location.city",
        "pk": 315,
        "fields": {
            "name": "\u041e\u043a\u0442\u044f\u0431\u0440\u044c",
            "region": 5
        }
    },
    {
        "model": "location.city",
        "pk": 316,
        "fields": {
            "name": "\u041e\u043d-\u042d\u043a\u0438-\u0411\u0435\u043b\u044c",
            "region": 5
        }
    },
    {
        "model": "location.city",
        "pk": 317,
        "fields": {
            "name": "\u041e\u0440\u043a\u0430\u0437\u0433\u0430\u043d",
            "region": 5
        }
    },
    {
        "model": "location.city",
        "pk": 318,
        "fields": {
            "name": "\u041e\u0448",
            "region": 5
        }
    },
    {
        "model": "location.city",
        "pk": 319,
        "fields": {
            "name": "\u041f\u0430\u043f\u0430\u043d",
            "region": 5
        }
    },
    {
        "model": "location.city",
        "pk": 320,
        "fields": {
            "name": "\u041f\u0435\u0440\u0432\u043e\u0435 \u041c\u0430\u044f",
            "region": 5
        }
    },
    {
        "model": "location.city",
        "pk": 321,
        "fields": {
            "name": "\u0421\u0430\u043b\u0430\u043c\u0430\u043b\u0438\u043a",
            "region": 5
        }
    },
    {
        "model": "location.city",
        "pk": 322,
        "fields": {
            "name": "\u0421\u0430\u0440\u044b-\u0411\u0443\u043b\u0430\u043a",
            "region": 5
        }
    },
    {
        "model": "location.city",
        "pk": 323,
        "fields": {
            "name": "\u0421\u0430\u0440\u044b-\u0422\u0430\u0448",
            "region": 5
        }
    },
    {
        "model": "location.city",
        "pk": 324,
        "fields": {
            "name": "\u0421\u0430\u0440\u044b\u043c\u043e\u0433\u043e\u043b",
            "region": 5
        }
    },
    {
        "model": "location.city",
        "pk": 325,
        "fields": {
            "name": "\u0421\u0435\u043c\u0438\u0437-\u041a\u0435\u043b\u044c",
            "region": 5
        }
    },
    {
        "model": "location.city",
        "pk": 326,
        "fields": {
            "name": "\u0421\u043e\u043f\u0443-\u041a\u043e\u0440\u0433\u043e\u043d",
            "region": 5
        }
    },
    {
        "model": "location.city",
        "pk": 327,
        "fields": {
            "name": "\u0421\u0442\u0430\u0440\u0430\u044f \u041f\u043e\u043a\u0440\u043e\u0432\u043a\u0430",
            "region": 5
        }
    },
    {
        "model": "location.city",
        "pk": 328,
        "fields": {
            "name": "\u0422\u0430\u043b\u0434\u0443\u0443\u0441\u0443\u0443",
            "region": 5
        }
    },
    {
        "model": "location.city",
        "pk": 329,
        "fields": {
            "name": "\u0422\u0435\u043f\u0435\u043a\u043e\u0440\u0433\u043e\u043d",
            "region": 5
        }
    },
    {
        "model": "location.city",
        "pk": 330,
        "fields": {
            "name": "\u0422\u0435\u0441\u043a\u0435\u0439-\u041a\u043e\u0436\u043e\u043a\u0435",
            "region": 5
        }
    },
    {
        "model": "location.city",
        "pk": 331,
        "fields": {
            "name": "\u0422\u043e\u043a\u0431\u0430\u0439-\u0422\u0430\u043b\u0430\u0430",
            "region": 5
        }
    },
    {
        "model": "location.city",
        "pk": 332,
        "fields": {
            "name": "\u0422\u0443\u0437\u0431\u0435\u043b\u044c",
            "region": 5
        }
    },
    {
        "model": "location.city",
        "pk": 333,
        "fields": {
            "name": "\u0423\u0437\u0433\u0435\u043d",
            "region": 5
        }
    },
    {
        "model": "location.city",
        "pk": 334,
        "fields": {
            "name": "\u0423\u043d\u043a\u044e\u0440",
            "region": 5
        }
    },
    {
        "model": "location.city",
        "pk": 335,
        "fields": {
            "name": "\u0423\u0447\u043a\u0430\u043b\u0442\u0430\u043b",
            "region": 5
        }
    },
    {
        "model": "location.city",
        "pk": 336,
        "fields": {
            "name": "\u0424\u0440\u0443\u043d\u0437\u0435",
            "region": 5
        }
    },
    {
        "model": "location.city",
        "pk": 337,
        "fields": {
            "name": "\u0425\u0430\u0443\u0437",
            "region": 5
        }
    },
    {
        "model": "location.city",
        "pk": 338,
        "fields": {
            "name": "\u0427\u0430\u043a",
            "region": 5
        }
    },
    {
        "model": "location.city",
        "pk": 339,
        "fields": {
            "name": "\u0427\u0430\u043a\u043c\u0430\u043a",
            "region": 5
        }
    },
    {
        "model": "location.city",
        "pk": 340,
        "fields": {
            "name": "\u0427\u0430\u043f\u0430\u0435\u0432\u0430",
            "region": 5
        }
    },
    {
        "model": "location.city",
        "pk": 341,
        "fields": {
            "name": "\u0427\u0435\u043a-\u0410\u0431\u0430\u0434",
            "region": 5
        }
    },
    {
        "model": "location.city",
        "pk": 342,
        "fields": {
            "name": "\u0427\u0438\u0439\u0442\u0430\u043b\u0430\u0430",
            "region": 5
        }
    },
    {
        "model": "location.city",
        "pk": 343,
        "fields": {
            "name": "\u0427\u0438\u043c\u0431\u0430\u0439",
            "region": 5
        }
    },
    {
        "model": "location.city",
        "pk": 344,
        "fields": {
            "name": "\u0427\u043e\u043d\u043a\u0430\u0440\u0430\u043a\u043e\u043b",
            "region": 5
        }
    },
    {
        "model": "location.city",
        "pk": 345,
        "fields": {
            "name": "\u0428\u0430\u043c\u0430\u043b-\u0422\u0435\u0440\u0435\u043a",
            "region": 5
        }
    },
    {
        "model": "location.city",
        "pk": 346,
        "fields": {
            "name": "\u0428\u0430\u043d\u043a\u043e\u043b",
            "region": 5
        }
    },
    {
        "model": "location.city",
        "pk": 347,
        "fields": {
            "name": "\u042b\u043b\u0430\u0439-\u0422\u0430\u043b\u0430\u0430",
            "region": 5
        }
    },
    {
        "model": "location.city",
        "pk": 348,
        "fields": {
            "name": "\u042d\u043b\u0447\u0438\u0431\u0435\u043a",
            "region": 5
        }
    },
    {
        "model": "location.city",
        "pk": 349,
        "fields": {
            "name": "\u042d\u0441\u043a\u0438-\u041d\u043e\u043e\u043a\u0430\u0442",
            "region": 5
        }
    },
    {
        "model": "location.city",
        "pk": 350,
        "fields": {
            "name": "\u042f\u043d\u0433\u0438-\u0410\u0431\u0430\u0434",
            "region": 5
        }
    },
    {
        "model": "location.city",
        "pk": 351,
        "fields": {
            "name": "\u0410\u043a\u0436\u0430\u0440",
            "region": 6
        }
    },
    {
        "model": "location.city",
        "pk": 352,
        "fields": {
            "name": "\u0410\u043a\u043a\u043e\u0440\u0433\u043e\u043d",
            "region": 6
        }
    },
    {
        "model": "location.city",
        "pk": 353,
        "fields": {
            "name": "\u0410\u043c\u0430\u043d\u0431\u0430\u0435\u0432\u043e",
            "region": 6
        }
    },
    {
        "model": "location.city",
        "pk": 354,
        "fields": {
            "name": "\u0411\u0430\u043a\u0430\u0439-\u0410\u0442\u0430",
            "region": 6
        }
    },
    {
        "model": "location.city",
        "pk": 355,
        "fields": {
            "name": "\u0411\u0430\u043a\u0430\u0439\u044b\u0440",
            "region": 6
        }
    },
    {
        "model": "location.city",
        "pk": 356,
        "fields": {
            "name": "\u0411\u0435\u0439\u0448\u0435\u043a\u0435",
            "region": 6
        }
    },
    {
        "model": "location.city",
        "pk": 357,
        "fields": {
            "name": "\u0411\u043e\u043e-\u0422\u0435\u0440\u0435\u043a",
            "region": 6
        }
    },
    {
        "model": "location.city",
        "pk": 358,
        "fields": {
            "name": "\u0416\u043e\u043d-\u0410\u0440\u044b\u043a",
            "region": 6
        }
    },
    {
        "model": "location.city",
        "pk": 359,
        "fields": {
            "name": "\u041a\u0430\u0439\u043d\u0430\u0440",
            "region": 6
        }
    },
    {
        "model": "location.city",
        "pk": 360,
        "fields": {
            "name": "\u041a\u0435\u043d-\u0410\u0440\u0430\u043b",
            "region": 6
        }
    },
    {
        "model": "location.city",
        "pk": 361,
        "fields": {
            "name": "\u041a\u043e\u043a-\u041e\u0439",
            "region": 6
        }
    },
    {
        "model": "location.city",
        "pk": 362,
        "fields": {
            "name": "\u041a\u043e\u043a-\u0421\u0430\u0439",
            "region": 6
        }
    },
    {
        "model": "location.city",
        "pk": 363,
        "fields": {
            "name": "\u041a\u044b\u0437\u044b\u043b-\u0410\u0434\u044b\u0440",
            "region": 6
        }
    },
    {
        "model": "location.city",
        "pk": 364,
        "fields": {
            "name": "\u041a\u044b\u0437\u044b\u043b\u043e\u043a\u0442\u044f\u0431\u0440\u044c",
            "region": 6
        }
    },
    {
        "model": "location.city",
        "pk": 365,
        "fields": {
            "name": "\u041c\u0430\u0439\u043c\u0430\u043a",
            "region": 6
        }
    },
    {
        "model": "location.city",
        "pk": 366,
        "fields": {
            "name": "\u041c\u0430\u0439\u0441\u043a\u043e\u0435",
            "region": 6
        }
    },
    {
        "model": "location.city",
        "pk": 367,
        "fields": {
            "name": "\u041c\u0430\u043d\u0430\u0441 (\u0410\u043a-\u0421\u0430\u0439)",
            "region": 6
        }
    },
    {
        "model": "location.city",
        "pk": 368,
        "fields": {
            "name": "\u041f\u0435\u0440\u0432\u043e\u043c\u0430\u0439\u0441\u043a\u043e\u0435",
            "region": 6
        }
    },
    {
        "model": "location.city",
        "pk": 369,
        "fields": {
            "name": "\u041f\u043e\u043a\u0440\u043e\u0432\u043a\u0430",
            "region": 6
        }
    },
    {
        "model": "location.city",
        "pk": 370,
        "fields": {
            "name": "\u041f\u0443\u0448\u043a\u0438\u043d\u043e",
            "region": 6
        }
    },
    {
        "model": "location.city",
        "pk": 371,
        "fields": {
            "name": "\u0421\u0430\u0441\u044b\u043a\u0431\u0443\u043b\u0430\u043a",
            "region": 6
        }
    },
    {
        "model": "location.city",
        "pk": 372,
        "fields": {
            "name": "\u0422\u0430\u043b\u0430\u0441",
            "region": 6
        }
    },
    {
        "model": "location.city",
        "pk": 373,
        "fields": {
            "name": "\u0422\u0430\u043b\u0434\u044b-\u0411\u0443\u043b\u0430\u043a",
            "region": 6
        }
    },
    {
        "model": "location.city",
        "pk": 374,
        "fields": {
            "name": "\u0428\u0435\u043a\u0435\u0440",
            "region": 6
        }
    },
    {
        "model": "location.city",
        "pk": 375,
        "fields": {
            "name": "\u0410\u0439\u0434\u0430\u0440\u0431\u0435\u043a",
            "region": 7
        }
    },
    {
        "model": "location.city",
        "pk": 376,
        "fields": {
            "name": "\u0410\u043a-\u0411\u0430\u0448\u0430\u0442",
            "region": 7
        }
    },
    {
        "model": "location.city",
        "pk": 377,
        "fields": {
            "name": "\u0410\u043a-\u0416\u043e\u043b",
            "region": 7
        }
    },
    {
        "model": "location.city",
        "pk": 378,
        "fields": {
            "name": "\u0410\u043a-\u0421\u0430\u0439",
            "region": 7
        }
    },
    {
        "model": "location.city",
        "pk": 379,
        "fields": {
            "name": "\u0410\u043a-\u0421\u043e\u043e\u043a",
            "region": 7
        }
    },
    {
        "model": "location.city",
        "pk": 380,
        "fields": {
            "name": "\u0410\u043a\u0442\u0443\u0437",
            "region": 7
        }
    },
    {
        "model": "location.city",
        "pk": 381,
        "fields": {
            "name": "\u0410\u043b\u0430-\u0410\u0440\u0447\u0430",
            "region": 7
        }
    },
    {
        "model": "location.city",
        "pk": 382,
        "fields": {
            "name": "\u0410\u043b\u0430\u043c\u0435\u0434\u0438\u043d",
            "region": 7
        }
    },
    {
        "model": "location.city",
        "pk": 383,
        "fields": {
            "name": "\u0410\u043b\u043c\u0430\u043b\u0443\u0443",
            "region": 7
        }
    },
    {
        "model": "location.city",
        "pk": 384,
        "fields": {
            "name": "\u0410\u043b\u0442\u044b\u043d",
            "region": 7
        }
    },
    {
        "model": "location.city",
        "pk": 385,
        "fields": {
            "name": "\u0410\u0440\u0430\u0448\u0430\u043d",
            "region": 7
        }
    },
    {
        "model": "location.city",
        "pk": 386,
        "fields": {
            "name": "\u0411\u0435\u043b\u043e\u0432\u043e\u0434\u0441\u043a\u043e\u0435",
            "region": 7
        }
    },
    {
        "model": "location.city",
        "pk": 387,
        "fields": {
            "name": "\u0411\u0435\u0448-\u0422\u0435\u0440\u0435\u043a",
            "region": 7
        }
    },
    {
        "model": "location.city",
        "pk": 388,
        "fields": {
            "name": "\u0411\u043e\u043b\u044c\u0448\u0435\u0432\u0438\u043a",
            "region": 7
        }
    },
    {
        "model": "location.city",
        "pk": 389,
        "fields": {
            "name": "\u0411\u043e\u0440\u0434\u0443",
            "region": 7
        }
    },
    {
        "model": "location.city",
        "pk": 390,
        "fields": {
            "name": "\u0411\u043e\u0440\u0434\u0443\u043d\u0441\u043a\u0438\u0439",
            "region": 7
        }
    },
    {
        "model": "location.city",
        "pk": 391,
        "fields": {
            "name": "\u0411\u043e\u0440\u043e\u043b\u0434\u043e\u0439",
            "region": 7
        }
    },
    {
        "model": "location.city",
        "pk": 392,
        "fields": {
            "name": "\u0412\u043e\u0435\u043d\u043d\u043e-\u0410\u043d\u0442\u043e\u043d\u043e\u0432\u043a\u0430",
            "region": 7
        }
    },
    {
        "model": "location.city",
        "pk": 393,
        "fields": {
            "name": "\u0412\u043e\u0441\u0442\u043e\u043a-1",
            "region": 7
        }
    },
    {
        "model": "location.city",
        "pk": 394,
        "fields": {
            "name": "\u0412\u043e\u0441\u0442\u043e\u043a-2",
            "region": 7
        }
    },
    {
        "model": "location.city",
        "pk": 395,
        "fields": {
            "name": "\u0414\u0435\u043d-\u0410\u0440\u044b\u043a",
            "region": 7
        }
    },
    {
        "model": "location.city",
        "pk": 396,
        "fields": {
            "name": "\u0416\u0430\u0439\u044b\u043b",
            "region": 7
        }
    },
    {
        "model": "location.city",
        "pk": 397,
        "fields": {
            "name": "\u0416\u0435\u043a\u0435\u043d",
            "region": 7
        }
    },
    {
        "model": "location.city",
        "pk": 398,
        "fields": {
            "name": "\u0418\u0432\u0430\u043d\u043e\u0432\u043a\u0430",
            "region": 7
        }
    },
    {
        "model": "location.city",
        "pk": 399,
        "fields": {
            "name": "\u0418\u0441\u0441\u044b\u043a-\u0410\u0442\u0430",
            "region": 7
        }
    },
    {
        "model": "location.city",
        "pk": 400,
        "fields": {
            "name": "\u041a\u0430\u0438\u043d\u0434\u044b",
            "region": 7
        }
    },
    {
        "model": "location.city",
        "pk": 401,
        "fields": {
            "name": "\u041a\u0430\u0439\u0441\u0430\u0440",
            "region": 7
        }
    },
    {
        "model": "location.city",
        "pk": 402,
        "fields": {
            "name": "\u041a\u0430\u0439\u044b\u0440\u043c\u044b",
            "region": 7
        }
    },
    {
        "model": "location.city",
        "pk": 403,
        "fields": {
            "name": "\u041a\u0430\u043b\u0438\u043d\u043e\u0432\u043a\u0430",
            "region": 7
        }
    },
    {
        "model": "location.city",
        "pk": 404,
        "fields": {
            "name": "\u041a\u0430\u043c\u044b\u0448\u0435\u0432\u043a\u0430",
            "region": 7
        }
    },
    {
        "model": "location.city",
        "pk": 405,
        "fields": {
            "name": "\u041a\u0430\u043d\u0442",
            "region": 7
        }
    },
    {
        "model": "location.city",
        "pk": 406,
        "fields": {
            "name": "\u041a\u0430\u0440\u0430-\u0411\u0430\u043b\u0442\u0430",
            "region": 7
        }
    },
    {
        "model": "location.city",
        "pk": 407,
        "fields": {
            "name": "\u041a\u0430\u0440\u0430\u043a\u043e\u043b",
            "region": 7
        }
    },
    {
        "model": "location.city",
        "pk": 408,
        "fields": {
            "name": "\u041a\u0435\u0433\u0435\u0442\u0438",
            "region": 7
        }
    },
    {
        "model": "location.city",
        "pk": 409,
        "fields": {
            "name": "\u041a\u0435\u043c\u0438\u043d",
            "region": 7
        }
    },
    {
        "model": "location.city",
        "pk": 410,
        "fields": {
            "name": "\u041a\u043e\u0436\u043e\u043c\u043a\u0443\u043b",
            "region": 7
        }
    },
    {
        "model": "location.city",
        "pk": 411,
        "fields": {
            "name": "\u041a\u043e\u0439\u0442\u0430\u0448",
            "region": 7
        }
    },
    {
        "model": "location.city",
        "pk": 412,
        "fields": {
            "name": "\u041a\u043e\u0448-\u041a\u0430\u0448\u0430\u0442",
            "region": 7
        }
    },
    {
        "model": "location.city",
        "pk": 413,
        "fields": {
            "name": "\u041a\u043e\u0448-\u041a\u043e\u0440\u0433\u043e\u043d",
            "region": 7
        }
    },
    {
        "model": "location.city",
        "pk": 414,
        "fields": {
            "name": "\u041a\u043e\u0448\u043e\u0439",
            "region": 7
        }
    },
    {
        "model": "location.city",
        "pk": 415,
        "fields": {
            "name": "\u041a\u044b\u0437-\u041a\u0443\u0435",
            "region": 7
        }
    },
    {
        "model": "location.city",
        "pk": 416,
        "fields": {
            "name": "\u041a\u044b\u0437-\u041c\u043e\u043b\u043e",
            "region": 7
        }
    },
    {
        "model": "location.city",
        "pk": 417,
        "fields": {
            "name": "\u041a\u044b\u0437\u044b\u043b-\u0410\u0440\u044b\u043a",
            "region": 7
        }
    },
    {
        "model": "location.city",
        "pk": 418,
        "fields": {
            "name": "\u041a\u044b\u0437\u044b\u043b-\u041e\u0439",
            "region": 7
        }
    },
    {
        "model": "location.city",
        "pk": 419,
        "fields": {
            "name": "\u041a\u044b\u0437\u044b\u043b\u0441\u0443\u0443",
            "region": 7
        }
    },
    {
        "model": "location.city",
        "pk": 420,
        "fields": {
            "name": "\u041b\u0435\u0431\u0435\u0434\u0438\u043d\u043e\u0432\u043a\u0430",
            "region": 7
        }
    },
    {
        "model": "location.city",
        "pk": 421,
        "fields": {
            "name": "\u041c\u0430\u0434\u0430\u043d\u0438\u044f\u0442",
            "region": 7
        }
    },
    {
        "model": "location.city",
        "pk": 422,
        "fields": {
            "name": "\u041c\u0430\u043b\u043e\u0432\u043e\u0434\u043d\u043e\u0435",
            "region": 7
        }
    },
    {
        "model": "location.city",
        "pk": 423,
        "fields": {
            "name": "\u041c\u0430\u043d\u0430\u0441",
            "region": 7
        }
    },
    {
        "model": "location.city",
        "pk": 424,
        "fields": {
            "name": "\u041d\u0438\u0436\u043d\u0435\u0447\u0443\u0439\u0441\u043a\u043e\u0435",
            "region": 7
        }
    },
    {
        "model": "location.city",
        "pk": 425,
        "fields": {
            "name": "\u041e\u0439\u0440\u043e\u043d\u0434\u0443",
            "region": 7
        }
    },
    {
        "model": "location.city",
        "pk": 426,
        "fields": {
            "name": "\u041e\u043d\u0431\u0438\u0440-\u0414\u0436\u044b\u043b\u0433\u044b",
            "region": 7
        }
    },
    {
        "model": "location.city",
        "pk": 427,
        "fields": {
            "name": "\u041e\u0440\u043b\u043e\u0432\u043a\u0430",
            "region": 7
        }
    },
    {
        "model": "location.city",
        "pk": 428,
        "fields": {
            "name": "\u041e\u0440\u0442\u043e-\u0421\u0443\u0443",
            "region": 7
        }
    },
    {
        "model": "location.city",
        "pk": 429,
        "fields": {
            "name": "\u041e\u0442\u043c\u0435\u043a",
            "region": 7
        }
    },
    {
        "model": "location.city",
        "pk": 430,
        "fields": {
            "name": "\u041e\u0442\u043e\u0433\u043e\u043d",
            "region": 7
        }
    },
    {
        "model": "location.city",
        "pk": 431,
        "fields": {
            "name": "\u041f\u043e\u0434\u0442\u0435\u0447\u0435\u043d\u043a\u0430",
            "region": 7
        }
    },
    {
        "model": "location.city",
        "pk": 432,
        "fields": {
            "name": "\u041f\u043e\u043b\u0442\u0430\u0432\u043a\u0430",
            "region": 7
        }
    },
    {
        "model": "location.city",
        "pk": 433,
        "fields": {
            "name": "\u041f\u0440\u0435\u0434\u0442\u0435\u0447\u0435\u043d\u043a\u0430",
            "region": 7
        }
    },
    {
        "model": "location.city",
        "pk": 434,
        "fields": {
            "name": "\u041f\u0440\u043e\u0433\u0440\u0435\u0441\u0441",
            "region": 7
        }
    },
    {
        "model": "location.city",
        "pk": 435,
        "fields": {
            "name": "\u0420\u043e\u0442-\u0424\u0440\u043e\u043d\u0442",
            "region": 7
        }
    },
    {
        "model": "location.city",
        "pk": 436,
        "fields": {
            "name": "\u0421\u0430\u0434\u043e\u0432\u043e\u0435-1",
            "region": 7
        }
    },
    {
        "model": "location.city",
        "pk": 437,
        "fields": {
            "name": "\u0421\u0430\u0434\u043e\u0432\u043e\u0435-2",
            "region": 7
        }
    },
    {
        "model": "location.city",
        "pk": 438,
        "fields": {
            "name": "\u0421\u043e\u043a\u0443\u043b\u0443\u043a",
            "region": 7
        }
    },
    {
        "model": "location.city",
        "pk": 439,
        "fields": {
            "name": "\u0421\u043e\u0441\u043d\u043e\u0432\u043a\u0430",
            "region": 7
        }
    },
    {
        "model": "location.city",
        "pk": 440,
        "fields": {
            "name": "\u0421\u043f\u0430\u0440\u0442\u0430\u043a",
            "region": 7
        }
    },
    {
        "model": "location.city",
        "pk": 441,
        "fields": {
            "name": "\u0421\u0440\u0435\u0442\u0435\u043d\u043a\u0430",
            "region": 7
        }
    },
    {
        "model": "location.city",
        "pk": 442,
        "fields": {
            "name": "\u0421\u0442\u0430\u0432\u0440\u043e\u043f\u043e\u043b\u043e\u0432\u043a\u0430",
            "region": 7
        }
    },
    {
        "model": "location.city",
        "pk": 443,
        "fields": {
            "name": "\u0421\u0442\u0430\u043d\u0446\u0438\u043e\u043d\u043d\u044b\u0439",
            "region": 7
        }
    },
    {
        "model": "location.city",
        "pk": 444,
        "fields": {
            "name": "\u0421\u0442\u0435\u043f\u043d\u043e\u0435",
            "region": 7
        }
    },
    {
        "model": "location.city",
        "pk": 445,
        "fields": {
            "name": "\u0421\u0443\u0443\u0441\u0430\u043c\u044b\u0440",
            "region": 7
        }
    },
    {
        "model": "location.city",
        "pk": 446,
        "fields": {
            "name": "\u0421\u044b\u043d-\u0422\u0430\u0448",
            "region": 7
        }
    },
    {
        "model": "location.city",
        "pk": 447,
        "fields": {
            "name": "\u0422\u0430\u0448\u0434\u0435\u0431\u0435",
            "region": 7
        }
    },
    {
        "model": "location.city",
        "pk": 448,
        "fields": {
            "name": "\u0422\u0435\u0433\u0438\u0440\u043c\u0435\u043d\u0442\u0438",
            "region": 7
        }
    },
    {
        "model": "location.city",
        "pk": 449,
        "fields": {
            "name": "\u0422\u0435\u043b\u0435\u043a",
            "region": 7
        }
    },
    {
        "model": "location.city",
        "pk": 450,
        "fields": {
            "name": "\u0422\u0435\u043b\u044c\u043c\u0430\u043d\u0430",
            "region": 7
        }
    },
    {
        "model": "location.city",
        "pk": 451,
        "fields": {
            "name": "\u0422\u0435\u043c\u0435\u043d-\u0421\u0443\u0443",
            "region": 7
        }
    },
    {
        "model": "location.city",
        "pk": 452,
        "fields": {
            "name": "\u0422\u0435\u043f\u043b\u044b\u0435 \u043a\u043b\u044e\u0447\u0438",
            "region": 7
        }
    },
    {
        "model": "location.city",
        "pk": 453,
        "fields": {
            "name": "\u0422\u043e\u043a\u043c\u043e\u043a",
            "region": 7
        }
    },
    {
        "model": "location.city",
        "pk": 454,
        "fields": {
            "name": "\u0422\u043e\u043a\u0442\u043e\u043d\u0430\u043b\u0438\u0435\u0432\u0430",
            "region": 7
        }
    },
    {
        "model": "location.city",
        "pk": 455,
        "fields": {
            "name": "\u0422\u043e\u043e-\u0410\u0448\u0443\u0443",
            "region": 7
        }
    },
    {
        "model": "location.city",
        "pk": 456,
        "fields": {
            "name": "\u0422\u0443\u043d\u0443\u043a",
            "region": 7
        }
    },
    {
        "model": "location.city",
        "pk": 457,
        "fields": {
            "name": "\u0424\u0435\u0434\u043e\u0440\u043e\u0432\u043a\u0430",
            "region": 7
        }
    },
    {
        "model": "location.city",
        "pk": 458,
        "fields": {
            "name": "\u0427\u0430\u0442-\u041a\u0451\u043b\u044c",
            "region": 7
        }
    },
    {
        "model": "location.city",
        "pk": 459,
        "fields": {
            "name": "\u0427\u0443\u043d\u043a\u0443\u0440\u0447\u0430\u043a",
            "region": 7
        }
    },
    {
        "model": "location.city",
        "pk": 460,
        "fields": {
            "name": "\u0428\u0430\u0431\u0434\u0430\u043d",
            "region": 7
        }
    },
    {
        "model": "location.city",
        "pk": 461,
        "fields": {
            "name": "\u0428\u0430\u043c\u0448\u044b",
            "region": 7
        }
    },
    {
        "model": "location.city",
        "pk": 462,
        "fields": {
            "name": "\u042d\u0440\u0438\u043a-\u0422\u0443\u0443",
            "region": 7
        }
    },
    {
        "model": "location.city",
        "pk": 463,
        "fields": {
            "name": "\u042e\u0440\u044c\u0435\u0432\u043a\u0430",
            "region": 7
        }
    }
]
