[
    {
        "model": "ministry.studyyear",
        "pk": 1,
        "fields": {
            "from_year": 2015,
            "till_year": 2016,
            "current": null
        }
    },
    {
        "model": "ministry.studyyear",
        "pk": 2,
        "fields": {
            "from_year": 2016,
            "till_year": 2017,
            "current": null
        }
    },
    {
        "model": "ministry.studyyear",
        "pk": 3,
        "fields": {
            "from_year": 2017,
            "till_year": 2018,
            "current": true
        }
    },
    {
        "model": "ministry.studyyear",
        "pk": 4,
        "fields": {
            "from_year": 2018,
            "till_year": 2019,
            "current": null
        }
    },
    {
        "model": "ministry.studyyear",
        "pk": 5,
        "fields": {
            "from_year": 2019,
            "till_year": 2020,
            "current": null
        }
    }
]
