[
  {
    "model": "ministry.studyyear",
    "pk": 1,
    "fields": {
      "start_year": 2015,
      "end_year": 2016,
      "current": null
    }
  },
  {
    "model": "ministry.studyyear",
    "pk": 2,
    "fields": {
      "start_year": 2016,
      "end_year": 2017,
      "current": null
    }
  },
  {
    "model": "ministry.studyyear",
    "pk": 3,
    "fields": {
      "start_year": 2017,
      "end_year": 2018,
      "current": true
    }
  },
  {
    "model": "ministry.studyyear",
    "pk": 4,
    "fields": {
      "start_year": 2018,
      "end_year": 2019,
      "current": null
    }
  }
]
