[
    {
        "model": "user.user",
        "pk": 1,
        "fields": {
            "last_login": null,
            "is_superuser": true,
            "username": "dan",
            "is_staff": true,
            "date_joined": "2018-04-27T05:47:00.238Z",
            "is_active": true,
            "first_name": "",
            "last_name": "",
            "patronymic": null,
            "email": "dan.tyan@gmail.com",
            "password": "pbkdf2_sha256$100000$YvX1qHd1R8xv$SofwlH2mwR9WK1uHw1zPd3MxpcUDkdQFlvqjKCiYLJI=",
            "pin_code": null,
            "sex": null,
            "phone": null,
            "additional_phone": null,
            "birth_date": null,
            "photo": "",
            "groups": [],
            "user_permissions": [],
            "relatives": []
        }
    },
    {
        "model": "user.user",
        "pk": 2,
        "fields": {
            "last_login": null,
            "is_superuser": true,
            "username": "qwe",
            "is_staff": true,
            "date_joined": "2018-04-27T05:53:19.314Z",
            "is_active": false,
            "first_name": "",
            "last_name": "",
            "patronymic": null,
            "email": "qwe@asd.zxc",
            "password": "pbkdf2_sha256$100000$42LdgUNGRGy5$ptSgE9vX+3S2cS98DVLnZPCfr5hdZ285sN38DXbhthI=",
            "pin_code": null,
            "sex": null,
            "phone": null,
            "additional_phone": null,
            "birth_date": null,
            "photo": "",
            "groups": [],
            "user_permissions": [],
            "relatives": []
        }
    },
    {
        "model": "user.activationcode",
        "pk": 2,
        "fields": {
            "user": 2,
            "code": 865400,
            "add_date": "2018-04-27"
        }
    }
]
